<?xml version="1.0" encoding="UTF-8"?>
<project-private xmlns="http://www.netbeans.org/ns/project-private/1">
    <editor-bookmarks xmlns="http://www.netbeans.org/ns/editor-bookmarks/2" lastBookmarkId="0"/>
    <open-files xmlns="http://www.netbeans.org/ns/projectui-open-files/2">
        <group>
            <file>file:/C:/U%20Fidelitas%20IVCuatri%202023/Intro%20a%20la%20progra/ProyectoPROGRA1/src/Proyecto/Event2.java</file>
            <file>file:/C:/U%20Fidelitas%20IVCuatri%202023/Intro%20a%20la%20progra/ProyectoPROGRA1/src/Proyecto/Interfaz.java</file>
            <file>file:/C:/U%20Fidelitas%20IVCuatri%202023/Intro%20a%20la%20progra/ProyectoPROGRA1/src/Proyecto/Event1.java</file>
            <file>file:/C:/U%20Fidelitas%20IVCuatri%202023/Intro%20a%20la%20progra/ProyectoPROGRA1/src/Proyecto/Interfaz2.java</file>
            <file>file:/C:/U%20Fidelitas%20IVCuatri%202023/Intro%20a%20la%20progra/ProyectoPROGRA1/src/Proyecto/Interfaz3.java</file>
            <file>file:/C:/U%20Fidelitas%20IVCuatri%202023/Intro%20a%20la%20progra/ProyectoPROGRA1/src/Proyecto/AlmacenamientoUsuario.java</file>
            <file>file:/C:/U%20Fidelitas%20IVCuatri%202023/Intro%20a%20la%20progra/ProyectoPROGRA1/src/Proyecto/Event3.java</file>
        </group>
    </open-files>
</project-private>
